match_id,home_team,away_team,home_score,away_score,stadium,match_round,tournament_year
300186463,43909,43927,1,2,Arena da Baixada,First stage - Group E,2014
1230,43975,43971,3,0,Independencia,Group matches - Group 1,1950
1660,44023,43930,4,0,Hillsborough,Quarter-finals,1966
8768,43921,43975,0,1,La Beaujoire,Group matches - Group F,1998
74,43924,43967,1,0,Stadio delle Alpi,Group matches - Group C,1990
300061506,43928,43969,0,1,Ellis Park Stadium,Quarter-finals,2010
1119,43950,43855,4,2,Giorgio Ascarelli,Preliminary round,1934
439,43969,43924,0,1,Jalisco,Group matches - Group D,1986
3061,43876,43936,3,0,Cotton Bowl,Group matches - Group D,1994
2220,43960,43934,5,1,Estadio Olímpico Chateau Carreras,Second round - Group A,1978
8787,43960,43938,1,2,Parc des Princes,Match for third place,1998
300331526,43872,43817,0,1,Saint Petersburg Stadium,"First stage - Group B,",2018
1637,44023,43969,2,1,Villa Park,Group matches - Group 2,1966
878,43942,43946,3,1,San Mames,Group matches - Group 4,1982
1764,43924,43942,1,0,Jalisco,Group matches - Group 3,1970
751,43922,43904,2,0,Jose Rico Perez,Group matches - Group 3,1982
300331530,43930,43835,1,0,Rostov Arena,"First stage - Group A,",2018
8729,43835,43941,0,1,Stade Felix Bollaert,Group matches - Group C,1998
1158,43970,43902,8,0,Fort Carree,Quarter-finals,1938
43950028,43901,43972,1,1,Incheon Football Stadium,Group matches - Group C,2002
300186475,43948,43963,4,0,Arena Fonte Nova,First stage - Group G,2014
1676,44026,43950,2,1,Roker Park Ground,Quarter-finals,1966
643,43822,43954,2,3,Cuauhtemoc,Group matches - Group A,1986
300061510,43930,43948,2,3,Port Elizabeth Stadium,Match for third place,2010
3098,43960,43924,2,3,Cotton Bowl,Quarter-finals,1994
1949,43922,43954,1,1,Neckarstadion,Group matches - Group 4,1974
3077,43953,43961,0,0,Giants Stadium,Group matches - Group E,1994
300061455,43949,43922,0,2,Peter Mokaba Stadium,First stage - Group B,2010
585,43930,44023,1,1,Estadio Corregidora,Group matches - Group E,1986
97410051,43942,43927,1,0,Gottlieb-Daimler-Stadion,Round of 16,2006
43950004,43948,43835,8,0,Sapporo Dome,Group matches - Group E,2002
1461,43924,43911,2,0,Estadio Sausalito,Group matches - Group 3,1962
1174,43954,43950,4,2,Stade Olympique,Final,1938
511,43941,43969,1,5,Estadio Corregidora,Round of 16,1986
1877,43954,43984,0,0,Luis Dosal,Group matches - Group 2,1970
395,43922,43822,3,1,Estadio Olímpico Universitario,Group matches - Group A,1986
300186459,43901,43949,1,1,Arena Pernambuco,Round of 16,2014
680,43911,43928,1,1,Estadio Azteca,Group matches - Group B,1986
97410006,1890244,43960,0,1,Zentralstadion,Group matches - Group C,2006
300061479,43928,43978,0,0,Peter Mokaba Stadium,First stage - Group F,2010
43950053,43911,43921,0,2,Jeonju World Cup Stadium,Round of 16,2002
8752,43922,43910,5,0,Parc des Princes,Group matches - Group H,1998
1820,43911,43904,4,0,Estadio Azteca,Group matches - Group 1,1970
1089,43928,43935,1,0,Estadio Centenario,Group matches - Group 4,1930
1123,43954,43969,1,0,Giovanni Berta,Quarter-finals,1934
97410010,43921,43995,0,3,"FIFA World Cup Stadium, Gelsenkirchen",Group matches - Group E,2006
1709,43963,44026,2,1,Wembley Stadium,Match for third place,1966
43950045,43888,43819,0,2,Osaka Nagai Stadium,Group matches - Group H,2002
1135,43954,43921,7,1,Nazionale PNF,Preliminary round,1934
300061480,44002,43954,3,2,Ellis Park Stadium,First stage - Group F,2010
2349,44023,43954,0,0,El Monumental - Estadio Monumental Antonio Vespuci,Second round - Group A,1978
8744,43954,43849,3,0,La Mosson,Group matches - Group B,1998
97410047,43835,43969,0,1,Fritz-Walter-Stadion,Group matches - Group H,2006
43950012,43812,43901,0,2,Gwangju World Cup Stadium,Group matches - Group C,2002
1532,43954,43971,3,0,Nacional,Group matches - Group 2,1962
1498,44025,43969,1,0,Estadio Sausalito,Group matches - Group 3,1962
120,43975,43926,1,0,Renato Dall Ara,Group matches - Group D,1990
3082,43935,43835,0,1,RFK Stadium,Group matches - Group F,1994
8764,43883,43835,2,2,Stade du Parc Lescure,Group matches - Group C,1998
1953,43976,43925,0,0,Olympiastadion,Group matches - Group 1,1974
97410030,43887,43971,0,2,"FIFA World Cup Stadium, Dortmund",Group matches - Group G,2006
300186480,43822,43935,0,1,Arena de Sao Paulo,First stage - Group H,2014
8733,43960,43935,0,0,Stade de France,Group matches - Group E,1998
198,44023,43840,5,1,Giuseppe Meazza,Group matches - Group D,1990
43950032,43963,43962,4,0,Jeonju World Cup Stadium,Group matches - Group D,2002
1284,44023,43972,7,2,Hardturm,Group matches - Group 2,1954
161,43942,43953,1,1,Sant Elia,Group matches - Group F,1990
8725,43872,43961,2,2,La Mosson,Group matches - Group A,1998
43950024,43883,43968,1,0,Daegu World Cup Stadium,Group matches - Group B,2002
300331496,43817,43969,0,1,Kazan Arena,"First stage - Group B,",2018
1768,43924,43929,4,2,Jalisco,Quarter-finals,1970
248,43953,43964,0,0,Luigi Ferraris,Round of 16,1990
2451,43929,43967,3,1,Estadio Olímpico Chateau Carreras,Group matches - Group 4,1978
8772,43922,43938,1,0,Stade du Parc Lescure,Group matches - Group H,1998
300061459,43822,43949,2,0,Port Elizabeth Stadium,First stage - Group B,2010
1945,43922,43924,1,2,Niedersachsenstadion,Second round - Group A,1974
300186479,43935,43843,2,1,Estadio Mineirao,First stage - Group H,2014
97410026,43995,43860,0,2,"FIFA World Cup Stadium, Cologne",Group matches - Group E,2006
300186496,43946,43909,3,0,Estadio Beira-Rio,First stage - Group E,2014
43950008,43969,43968,3,1,Gwangju World Cup Stadium,Group matches - Group B,2002
264,43954,43930,2,0,Stadio Olimpico,Round of 16,1990
771,43934,43952,2,2,Vicente Calderon,Second round - Group 4,1982
300331510,43951,43938,1,2,Rostov Arena,"First stage - Group D,",2018
2216,43934,43969,2,1,Jose Amalfitani,Group matches - Group 3,1978
3057,43924,43965,2,0,Stanford Stadium,Group matches - Group B,1994
300061475,43849,43941,1,2,Loftus Versfeld Stadium,First stage - Group E,2010
1085,43922,43946,1,0,Parque Central,Group matches - Group 1,1930
42,43954,43934,1,0,Stadio Olimpico,Group matches - Group A,1990
1986,43924,43975,0,0,Waldstadion,Group matches - Group 2,1974
1656,44023,43971,5,0,Hillsborough,Group matches - Group 2,1966
1206,43970,43969,3,1,Pacaembu,Final round - Group 6,1950
300186510,43969,43960,1,5,Arena Fonte Nova,First stage - Group B,2014
300331547,43935,43888,5,2,Spartak Stadium,"First stage - Group G,",2018
1343,43924,43970,5,2,Rasunda Stadium,Final,1958
300186455,43949,43854,2,1,Estadio Castelao,First stage - Group C,2014
300061463,43968,43921,2,2,Ellis Park Stadium,First stage - Group C,2010
43950049,43948,43928,1,0,Jeju World Cup Stadium,Round of 16,2002
2200,43954,43922,1,0,El Monumental - Estadio Monumental Antonio Vespuci,Group matches - Group 1,1978
1990,43936,43960,1,4,Westfalenstadion,Group matches - Group 3,1974
8748,43969,43928,0,0,Stade Geoffroy Guichard,Group matches - Group D,1998
1093,43975,43924,2,1,Parque Central,Group matches - Group 2,1930
300111116,43948,43976,4,0,Durban Stadium,First stage - Group D,2010
3104,43924,43954,0,0,Rose Bowl,Final,1994
300186506,43843,43965,1,1,Arena da Baixada,First stage - Group H,2014
675,43963,43872,1,3,Tres de Marzo,Group matches - Group F,1986
300331551,43935,43819,3,2,Rostov Arena,"Round of 16,",2018
2083,43954,43908,3,1,Olympiastadion,Group matches - Group 4,1974
2129,43962,43954,2,1,Neckarstadion,Group matches - Group 4,1974
1882,43954,43911,4,1,Luis Dosal,Quarter-finals,1970
788,43954,43924,3,2,Sarria,Second round - Group 3,1982
300331506,43976,43929,0,2,Fisht Stadium,"First stage - Group C,",2018
767,43934,43946,0,1,Vicente Calderon,Second round - Group 4,1982
1752,43911,43935,1,0,Estadio Azteca,Group matches - Group 1,1970
789,43924,43978,4,0,Benito Villamarin,Group matches - Group 6,1982
300331507,43819,43962,0,1,Volgograd Arena,"First stage - Group H,",2018
1753,44026,43935,4,1,Estadio Azteca,Group matches - Group 1,1970
1883,43954,43970,1,0,Luis Dosal,Group matches - Group 2,1970
300186507,43854,43819,2,1,Arena Pernambuco,First stage - Group C,2014
674,43872,43962,0,0,Estadio Universitario,Group matches - Group F,1986
1641,43969,43971,2,1,Hillsborough,Group matches - Group 2,1966
300331550,43926,43819,1,2,Mordovia Arena,"First stage - Group H,",2018
300061462,43968,43942,0,1,Port Elizabeth Stadium,First stage - Group C,2010
2201,43922,43929,6,0,Arroyito - Estadio Dr. Lisandro de la Torre,Second round - Group B,1978
43950048,43962,43921,3,1,Daejeon World Cup Stadium,Group matches - Group D,2002
2344,43946,43950,3,1,Estadio José María Minella,Group matches - Group 1,1978
55,43942,43935,1,0,Renato Dall Ara,Round of 16,1990
8749,43960,43822,5,0,Stade Vélodrome,Group matches - Group E,1998
1092,43975,43923,4,0,Parque Central,Group matches - Group 2,1930
300111117,43960,43819,1,0,Durban Stadium,First stage - Group E,2010
398,43922,43930,1,0,Cuauhtemoc,Round of 16,1986
1207,43930,43969,2,2,Pacaembu,Final round - Group 6,1950
300186511,43876,44037,1,0,Arena Pantanal,First stage - Group F,2014
300331546,43942,43914,6,1,Nizhny Novgorod Stadium,"First stage - Group G,",2018
377,43924,43843,1,0,Jalisco,Group matches - Group D,1986
300186454,43819,43949,0,0,Estadio das Dunas,First stage - Group C,2014
2217,43934,44023,3,2,Estadio Olímpico Chateau Carreras,Second round - Group A,1978
3056,43849,43970,2,2,Rose Bowl,Group matches - Group B,1994
300061474,43941,43819,1,3,Royal Bafokeng Stadium,First stage - Group E,2010
1084,43922,43925,3,1,Estadio Centenario,Group matches - Group 1,1930
43,43934,44025,0,1,Comunale,Group matches - Group A,1990
2352,44023,43888,0,0,Estadio Olímpico Chateau Carreras,Group matches - Group 2,1978
1987,43890,43924,0,3,Parkstadion,Group matches - Group 2,1974
2186,43975,43890,9,0,Parkstadion,Group matches - Group 2,1974
265,43954,43921,1,0,Stadio Olimpico,Group matches - Group A,1990
1315,43930,44025,2,0,Wankdorf Stadium,Group matches - Group 3,1954
770,44023,43934,1,0,El Molinon,Group matches - Group 2,1982
300331511,43963,43872,1,0,Luzhniki Stadium,"First stage - Group B,",2018
459,43936,43954,1,1,Estadio Azteca,Group matches - Group A,1986
43950009,43938,43911,0,1,Niigata Stadium Big Swan,Group matches - Group G,2002
1179,43954,43961,2,1,Stade Vélodrome,First round,1938
300186478,43976,43960,2,3,Estadio Beira-Rio,First stage - Group B,2014
97410027,43924,43976,2,0,"FIFA World Cup Stadium, Munich",Group matches - Group F,2006
300186497,43935,43921,2,1,Arena Fonte Nova,Round of 16,2014
8773,43924,43925,4,1,Parc des Princes,Round of 16,1998
834,43962,43849,0,0,Riazor,Group matches - Group 1,1982
567,43950,43946,0,3,Nou Camp - Estadio León,Group matches - Group C,1986
3095,43964,43970,2,2,Stanford Stadium,Quarter-finals,1994
1102,43970,43922,3,2,Littorale,Preliminary round,1934
422,43946,43935,4,2,Cuauhtemoc,Match for third place,1986
300061458,43922,43822,4,1,Soccer City Stadium,First stage - Group B,2010
2391,43960,43954,2,1,El Monumental - Estadio Monumental Antonio Vespuci,Second round - Group A,1978
300331497,43876,43951,2,0,Volgograd Arena,"First stage - Group D,",2018
300340184,43969,43872,2,2,Kaliningrad Stadium,"First stage - Group B,",2018
1769,43924,43964,3,2,Jalisco,Group matches - Group 3,1970
1339,43924,43942,0,0,Nya Ullevi,Group matches - Group 4,1958
2450,43962,43929,1,0,San Martin,Second round - Group B,1978
160,43942,43960,0,0,Sant Elia,Group matches - Group F,1990
43950025,43954,43938,1,2,Kashima Stadium,Group matches - Group G,2002
475,43950,43899,2,0,Estadio Irapuato,Group matches - Group C,1986
1285,44023,43975,2,0,Charmilles,Quarter-finals,1954
8732,43822,43911,1,3,Stade de Gerland,Group matches - Group E,1998
1840,44023,43929,3,1,Nou Camp - Estadio León,Group matches - Group 4,1970
1143,44025,43971,3,2,Stadio Benito Mussolini,Quarter-finals,1934
463,43911,43936,2,0,Estadio Azteca,Round of 16,1986
43950033,43941,43946,2,0,Incheon Football Stadium,Group matches - Group A,2002
97410031,43969,43888,3,1,Gottlieb-Daimler-Stadion,Group matches - Group H,2006
1682,44026,43954,1,0,Roker Park Ground,Group matches - Group 4,1966
300186481,43935,43965,1,0,Estadio do Maracana,First stage - Group H,2014
1544,43911,44025,3,1,Estadio Sausalito,Group matches - Group 3,1962
3083,43949,43876,0,2,Foxboro Stadium,Group matches - Group D,1994
571,43946,44026,1,1,Nou Camp - Estadio León,Group matches - Group C,1986
8765,43935,43822,1,1,Parc des Princes,Group matches - Group E,1998
1952,43962,43922,3,2,Neckarstadion,Group matches - Group 4,1974
43950064,43948,43924,0,2,International Stadium Yokohama,Final,2002
1051,43967,43978,5,2,La Rosaleda,Group matches - Group 6,1982
43950013,43819,43935,2,2,Saitama Stadium 2002,Group matches - Group H,2002
1925,43930,44026,1,0,Estadio Azteca,Quarter-finals,1970
290,43822,43930,0,1,Friuli,Group matches - Group E,1990
97410046,43971,43822,2,0,"FIFA World Cup Stadium, Hanover",Group matches - Group G,2006
43950044,43927,43938,1,0,International Stadium Yokohama,Group matches - Group G,2002
1071,44026,43967,2,2,La Rosaleda,Group matches - Group 6,1982
1421,43952,44025,1,0,Orjans Vall,Group matches - Group 1,1958
1134,43954,44025,2,1,Nazionale PNF,Final,1934
1564,43975,43930,3,1,Carlos Dittborn,Group matches - Group 1,1962
300061481,44002,43928,0,2,Free State Stadium,First stage - Group F,2010
551,43952,43969,1,2,Tres de Marzo,Group matches - Group D,1986
8745,43946,43835,4,0,Stade de France,Group matches - Group C,1998
2348,44023,43960,2,2,Estadio Olímpico Chateau Carreras,Second round - Group A,1978
228,43953,43960,1,1,Della Favorita,Group matches - Group F,1990
2431,43962,43911,3,1,Arroyito - Estadio Dr. Lisandro de la Torre,Group matches - Group 2,1978
97410011,43924,43938,1,0,Olympiastadion,Group matches - Group F,2006
1437,43970,44026,2,0,Rasunda Stadium,Quarter-finals,1958
300061478,43960,43941,2,0,Soccer City Stadium,First stage - Group E,2010
43950052,43969,43953,1,1,Suwon World Cup Stadium,Round of 16,2002
8753,43948,43975,2,2,Stade Felix Bollaert,Group matches - Group F,1998
1088,43922,43921,6,1,Estadio Centenario,Semi-finals,1930
300061497,43928,43819,0,0,Loftus Versfeld Stadium,Round of 16,2010
1122,43954,43969,1,1,Giovanni Berta,Quarter-finals,1934
394,43954,43922,1,1,Cuauhtemoc,Group matches - Group A,1986
300186458,43876,43922,2,3,Estadio Beira-Rio,First stage - Group F,2014
2098,43930,43960,0,2,Niedersachsenstadion,Group matches - Group 3,1974
97410007,43911,43817,3,1,Franken-Stadion,Group matches - Group D,2006
43950005,43942,43970,1,1,Saitama Stadium 2002,Group matches - Group F,2002
1460,43924,43969,2,1,Estadio Sausalito,Group matches - Group 3,1962
1175,43950,43971,2,0,Victor Boucquey,Quarter-finals,1938
1525,44025,43950,1,0,El Teniente - Estadio Braden Copper Co.,Quarter-finals,1962
97410050,43922,43911,2,1,Zentralstadion,Round of 16,2006
3099,43970,43924,0,1,Rose Bowl,Semi-finals,1994
1948,43960,43922,4,0,Parkstadion,Second round - Group A,1974
3076,43948,43822,3,2,Cotton Bowl,Group matches - Group C,1994
300061454,43883,43911,1,1,Soccer City Stadium,First stage - Group A,2010
300186474,43924,43948,1,7,Estadio Mineirao,Semi-finals,2014
8728,43928,43936,0,0,La Mosson,Group matches - Group D,1998
43950029,43819,43965,1,0,International Stadium Yokohama,Group matches - Group H,2002
1765,43924,43954,4,1,Estadio Azteca,Final,1970
750,43922,43924,1,3,Sarria,Second round - Group 3,1982
300331531,43946,43935,1,0,Saint Petersburg Stadium,"Semi-finals,",2018
879,44023,43942,0,0,Santiago Bernabeu,Second round - Group 2,1982
896,43950,43904,10,1,Nuevo Estadio,Group matches - Group 3,1982
300331527,43946,43929,1,0,Ekaterinburg Arena,"First stage - Group C,",2018
1323,43922,44023,1,3,Malmo Stadion,Group matches - Group 1,1958
1636,43942,43930,0,0,Wembley Stadium,Group matches - Group 1,1966
75,43924,43970,2,1,Stadio delle Alpi,Group matches - Group C,1990
8769,43964,43888,1,1,Stade de France,Group matches - Group G,1998
300061507,43960,43924,2,1,Port Elizabeth Stadium,Quarter-finals,2010
3060,43948,43969,1,1,Soldier Field,Group matches - Group C,1994
2221,43954,43934,1,0,El Monumental - Estadio Monumental Antonio Vespuci,Second round - Group A,1978
8786,43946,43938,2,1,Stade de France,Semi-finals,1998
300186462,43946,43876,2,0,Estadio Nacional,Round of 16,2014
1231,43930,43970,3,2,Pacaembu,Final round - Group 6,1950
8762,43946,43941,2,1,Stade de Gerland,Group matches - Group C,1998
3084,43922,43936,0,2,Cotton Bowl,Group matches - Group D,1994
300061449,43946,43883,1,2,Free State Stadium,First stage - Group A,2010
1406,43970,43950,2,1,Rasunda Stadium,Group matches - Group 3,1958
1955,44024,43976,2,0,Volksparkstadion,Group matches - Group 1,1974
43950063,43822,43972,2,3,Daegu World Cup Stadium,Third place,2002
300186469,43921,43948,0,1,Arena Pernambuco,First stage - Group G,2014
97410036,43928,43920,2,0,Fritz-Walter-Stadion,Group matches - Group B,2006
300186486,43930,43942,2,1,Arena de Sao Paulo,First stage - Group D,2014
1390,43970,44023,3,1,Nya Ullevi,Semi-finals,1958
29,43922,43964,1,1,San Paolo,Group matches - Group B,1990
8735,43975,43817,1,0,Stade Geoffroy Guichard,Group matches - Group F,1998
43950034,43879,43930,3,3,Suwon World Cup Stadium,Group matches - Group A,2002
1902,43911,44026,0,0,Estadio Azteca,Group matches - Group 1,1970
1451,43950,43922,0,0,El Teniente - Estadio Braden Copper Co.,Group matches - Group 4,1962
97410061,43948,43954,0,2,"FIFA World Cup Stadium, Dortmund",Semi-finals,2006
1152,43924,44025,1,1,Stade du Parc Lescure,Quarter-finals,1938
537,43942,43962,3,0,Tecnologico,Group matches - Group F,1986
1447,43922,43936,1,0,El Teniente - Estadio Braden Copper Co.,Group matches - Group 4,1962
921,43962,43946,3,2,Jose Rico Perez,Match for third place,1982
43950022,43969,43928,3,1,Jeonju World Cup Stadium,Group matches - Group B,2002
1294,43950,43822,9,0,Hardturm,Group matches - Group 2,1954
300340183,1902465,43971,1,2,Kaliningrad Stadium,"First stage - Group E,",2018
3092,43911,43936,1,1,Giants Stadium,Round of 16,1994
1105,43948,43934,3,2,Giorgio Ascarelli,Match for third place,1934
8774,43954,43961,1,0,Stade Vélodrome,Round of 16,1998
833,43929,43849,0,0,Riazor,Group matches - Group 1,1982
2396,43954,43950,3,1,Estadio José María Minella,Group matches - Group 1,1978
97410020,43970,43928,1,0,Olympiastadion,Group matches - Group B,2006
1386,43946,43928,7,3,Idrottsparken,Group matches - Group 2,1958
300186490,43960,43922,0,0,Arena de Sao Paulo,Semi-finals,2014
2247,43924,43954,2,1,El Monumental - Estadio Monumental Antonio Vespuci,Match for third place,1978
1191,43924,43975,2,0,'Maracanã - Estádio Jornalista Mário Filho,Group matches - Group 1,1950
2181,43970,43930,3,0,Rheinstadion,Group matches - Group 3,1974
300331516,43930,43965,3,0,Samara Arena,"First stage - Group A,",2018
3051,43921,43971,1,1,Pontiac Silverdome,Group matches - Group A,1994
300061473,43849,43960,1,2,Cape Town Stadium,First stage - Group E,2010
1596,43924,43936,2,0,Goodison Park,Group matches - Group 3,1966
43950059,43969,43822,0,0,Gwangju World Cup Stadium,Quarter-finals,2002
8758,43967,43872,0,3,Stade Geoffroy Guichard,Group matches - Group A,1998
1129,43948,43970,2,1,San Siro,Quarter-finals,1934
1579,44023,43922,0,0,Villa Park,Group matches - Group 2,1966
1650,43946,43911,1,1,Wembley Stadium,Group matches - Group 1,1966
1345,43924,43974,1,0,Nya Ullevi,Quarter-finals,1958
300186453,43849,43938,0,4,Arena Amazonia,First stage - Group A,2014
300331541,43970,43942,0,2,Samara Arena,"Quarter-finals,",2018
300061465,43843,43968,0,1,Peter Mokaba Stadium,First stage - Group C,2010
1095,43925,43911,3,0,Parque Central,Group matches - Group 1,1930
1996,43936,43930,1,1,Niedersachsenstadion,Group matches - Group 3,1974
300186500,43954,43901,0,1,Arena Pernambuco,First stage - Group D,2014
389,43922,43936,2,0,Estadio Olímpico Universitario,Group matches - Group A,1986
2085,43908,43962,0,7,Olympiastadion,Group matches - Group 4,1974
1187,43924,43911,4,0,'Maracanã - Estádio Jornalista Mário Filho,Group matches - Group 1,1950
2251,43924,43929,3,0,San Martin,Second round - Group B,1978
43950018,43946,43930,0,0,Busan Asiad Main Stadium,Group matches - Group A,2002
1884,43930,43954,0,0,Cuauhtemoc,Group matches - Group 2,1970
2197,43922,43946,2,1,El Monumental - Estadio Monumental Antonio Vespuci,Group matches - Group 1,1978
1304,43972,43822,7,0,Charmilles,Group matches - Group 2,1954
300331500,43817,43963,1,1,Mordovia Arena,"First stage - Group B,",2018
1689,43930,43911,0,0,Wembley Stadium,Group matches - Group 1,1966
300186465,43954,43930,0,1,Estadio das Dunas,First stage - Group D,2014
1373,44026,43942,1,0,Nya Ullevi,Group matches - Group 4,1958
1236,43934,43967,1,0,Hardturm,Group matches - Group 3,1954
3088,43964,43922,3,2,Rose Bowl,Round of 16,1994
300061500,43924,43925,3,0,Ellis Park Stadium,Round of 16,2010
8781,43954,43946,0,0,Stade de France,Quarter-finals,1998
3067,43924,43849,3,0,Stanford Stadium,Group matches - Group B,1994
1774,44023,43936,5,2,Nou Camp - Estadio León,Group matches - Group 4,1970
741,44023,43843,1,2,El Molinon,Group matches - Group 2,1982
1324,43922,43952,3,1,Orjans Vall,Group matches - Group 1,1958
300331520,43914,43888,1,2,Mordovia Arena,"First stage - Group G,",2018
8739,43964,43926,1,0,Stade de Gerland,Group matches - Group G,1998
25,43924,43922,0,1,Stadio delle Alpi,Round of 16,1990
468,43899,43946,0,1,Nou Camp - Estadio León,Group matches - Group C,1986
43950038,43876,43942,0,0,Osaka Nagai Stadium,Group matches - Group F,2002
1332,44026,43934,2,0,Ryavallen,Group matches - Group 4,1958
1277,43950,44023,8,3,St. Jakob,Group matches - Group 2,1954
300186473,43925,43976,3,1,Arena Pantanal,First stage - Group B,2014
8778,43960,43975,2,1,Stade Municipal,Round of 16,1998
995,43954,43962,0,0,Estadio Municipal de Balaídos,Group matches - Group 1,1982
1559,44025,43975,3,1,Estadio Sausalito,Semi-finals,1962
3071,43922,43876,2,1,Foxboro Stadium,Group matches - Group D,1994
300061453,43930,43946,0,0,Cape Town Stadium,First stage - Group A,2010
429,43928,43935,2,2,Bombonera - Estadio Nemesio Diez,Group matches - Group B,1986
97410057,43948,43922,1,1,Olympiastadion,Quarter-finals,2006
901,43969,43909,1,1,Luis Casanova,Group matches - Group 5,1982
43950002,43953,43849,1,1,Niigata Stadium Big Swan,Group matches - Group E,2002
1172,44025,43960,3,0,Cavee Verte,First round,1938
517,43967,43941,0,1,Neza,Group matches - Group E,1986
393,43922,44023,3,2,Estadio Azteca,Final,1986
43950055,43819,43972,0,1,Miyagi Stadium,Round of 16,2002
300061490,43924,43821,2,1,Ellis Park Stadium,First stage - Group G,2010
8754,43921,43817,1,2,Stade de Gerland,Group matches - Group F,1998
48,43934,43921,2,1,Comunale,Group matches - Group A,1990
813,44023,43925,4,1,El Molinon,Group matches - Group 2,1982
2066,43975,44023,0,2,Rheinstadion,Second round - Group B,1974
97410016,43888,43835,2,2,"FIFA World Cup Stadium, Munich",Group matches - Group H,2006
300061469,43860,43976,1,1,Royal Bafokeng Stadium,First stage - Group D,2010
1426,43928,43975,3,3,Tunavallen,Group matches - Group 2,1958
43950043,43911,43954,1,1,Oita Stadium Big Eye,Group matches - Group G,2002
8742,43924,43872,3,0,La Beaujoire,Group matches - Group A,1998
1133,43971,43960,3,2,San Siro,Preliminary round,1934
300061486,43821,43854,0,3,Mbombela Stadium,First stage - Group G,2010
1099,43930,43929,1,0,Estadio Centenario,Group matches - Group 3,1930
1563,44026,43975,2,0,Carlos Dittborn,Group matches - Group 1,1962
782,43962,43935,3,0,Camp Nou,Second round - Group 1,1982
628,43928,43818,1,0,Bombonera - Estadio Nemesio Diez,Group matches - Group B,1986
97410041,43995,43954,0,2,"FIFA World Cup Stadium, Hamburg",Group matches - Group E,2006
43950014,43822,43962,2,0,Busan Asiad Main Stadium,Group matches - Group D,2002
1922,43970,43930,1,0,Cuauhtemoc,Group matches - Group 2,1970
444,43924,43962,4,0,Jalisco,Round of 16,1986
1471,44023,43925,2,0,Nacional,Group matches - Group 2,1962
1164,43954,43946,3,1,Stade Olympique,Quarter-finals,1938
151,43960,43855,1,1,Della Favorita,Group matches - Group F,1990
43950015,43965,43888,2,0,Kobe Wing Stadium,Group matches - Group H,2002
1470,43950,43936,6,1,El Teniente - Estadio Braden Copper Co.,Group matches - Group 4,1962
1165,43971,43948,1,1,Parc des Princes,First round,1938
150,43942,43855,1,0,Sant Elia,Group matches - Group F,1990
783,43935,44026,0,1,Camp Nou,Second round - Group 1,1982
97410040,43817,43844,1,1,Zentralstadion,Group matches - Group D,2006
2175,43967,43975,1,1,Waldstadion,Group matches - Group 2,1974
300353632,43855,43930,0,1,Ekaterinburg Arena,"First stage - Group A,",2018
300061468,43860,43948,0,1,Soccer City Stadium,First stage - Group D,2010
43950042,43972,43812,3,0,Seoul World Cup Stadium,Group matches - Group C,2002
8743,43925,43934,1,1,Stade Geoffroy Guichard,Group matches - Group B,1998
300061487,43963,43821,7,0,Cape Town Stadium,First stage - Group G,2010
1098,43964,43929,3,1,Pocitos,Group matches - Group 3,1930
1562,44026,43930,2,1,Carlos Dittborn,Group matches - Group 1,1962
2067,44024,43960,0,2,Parkstadion,Second round - Group A,1974
97410017,43948,43962,1,0,"FIFA World Cup Stadium, Dortmund",Group matches - Group A,2006
43950054,43924,43935,2,0,Kobe Wing Stadium,Round of 16,2002
300061491,43925,43969,1,2,Loftus Versfeld Stadium,First stage - Group H,2010
111,43849,44026,0,4,Stadio San Nicola,Group matches - Group B,1990
8755,43926,43888,1,0,La Mosson,Group matches - Group G,1998
392,43922,43942,2,1,Estadio Azteca,Quarter-finals,1986
97410001,43948,43901,4,2,"FIFA World Cup Stadium, Munich",Group matches - Group A,2006
900,44023,43969,2,1,Santiago Bernabeu,Second round - Group 2,1982
43950003,43930,43941,1,2,Munsu Football Stadium,Group matches - Group A,2002
1173,43950,44031,6,0,Velodrome Municipale,First round,1938
97410056,43969,43946,1,3,"FIFA World Cup Stadium, Hanover",Round of 16,2006
8779,43922,43942,2,2,Stade Geoffroy Guichard,Round of 16,1998
994,43954,43929,1,1,Estadio Municipal de Balaídos,Group matches - Group 1,1982
1108,43948,43935,5,2,Giovanni Berta,Preliminary round,1934
3070,43835,43872,2,1,Giants Stadium,Group matches - Group F,1994
300061452,43883,43930,0,3,Loftus Versfeld Stadium,First stage - Group A,2010
428,43935,43911,1,2,Estadio Azteca,Group matches - Group B,1986
701,43962,43963,1,0,Estadio Universitario,Group matches - Group F,1986
300186472,43849,43924,1,4,Estadio Nacional,First stage - Group A,2014
1919,43964,44025,2,1,Jalisco,Group matches - Group 3,1970
300331537,43946,43922,4,3,Kazan Arena,"Round of 16,",2018
1276,43975,43946,1,0,La Pontaise,Group matches - Group 1,1954
243,43954,43953,1,0,Stadio Olimpico,Quarter-finals,1990
8738,43948,43921,2,0,Parc des Princes,Group matches - Group F,1998
1149,43954,43924,2,1,Stade Vélodrome,Semi-finals,1938
43950039,43883,43969,2,3,Daejeon World Cup Stadium,Group matches - Group B,2002
740,43843,43925,3,2,Carlos Tartiere,Group matches - Group 2,1982
1325,44025,43922,6,1,Olympia Stadium,Group matches - Group 1,1958
300331521,1902465,43924,0,2,Spartak Stadium,"First stage - Group E,",2018
3089,43960,43953,2,0,Citrus Bowl,Round of 16,1994
300061501,43948,43942,4,1,Free State Stadium,Round of 16,2010
73,43924,43901,1,0,Stadio delle Alpi,Group matches - Group C,1990
828,43954,43849,1,1,Estadio Municipal de Balaídos,Group matches - Group 1,1982
8780,43964,43938,0,1,Stade du Parc Lescure,Round of 16,1998
3066,43911,43953,2,1,Citrus Bowl,Group matches - Group E,1994
300186464,44037,43817,3,1,Arena Fonte Nova,First stage - Group F,2014
1372,44026,43942,2,2,Nya Ullevi,Group matches - Group 4,1958
1237,43934,43971,7,5,La Pontaise,Quarter-finals,1954
2196,43922,43924,0,0,Arroyito - Estadio Dr. Lisandro de la Torre,Second round - Group B,1978
1610,44026,43925,2,1,Roker Park Ground,Group matches - Group 4,1966
1240,43942,43935,4,4,St. Jakob,Group matches - Group 4,1954
300331501,43948,43970,2,1,Fisht Stadium,"First stage - Group F,",2018
1186,43924,43969,6,1,'Maracanã - Estádio Jornalista Mário Filho,Final round - Group 6,1950
43950019,43849,43835,1,0,Saitama Stadium 2002,Group matches - Group E,2002
300186501,43948,43922,1,0,Estadio do Maracana,Final,2014
388,43922,43935,2,0,Estadio Azteca,Semi-finals,1986
1702,43963,43821,5,3,Goodison Park,Quarter-finals,1966
300061464,43942,43843,0,0,Cape Town Stadium,First stage - Group C,2010
300111111,43963,43924,0,0,Durban Stadium,First stage - Group G,2010
1094,43925,43946,1,0,Estadio Centenario,Group matches - Group 1,1930
3103,43970,43936,4,0,Rose Bowl,Match for third place,1994
1344,43924,44026,2,0,Nya Ullevi,Group matches - Group 4,1958
300186452,43938,43911,1,3,Arena Pernambuco,First stage - Group A,2014
300331540,43924,43901,2,0,Saint Petersburg Stadium,"First stage - Group E,",2018
3050,43969,43822,2,2,Cotton Bowl,Group matches - Group C,1994
1597,43950,43924,3,1,Goodison Park,Group matches - Group 3,1966
43950058,43948,43921,1,0,Munsu Football Stadium,Quarter-finals,2002
8759,43924,43961,1,2,Stade Vélodrome,Group matches - Group A,1998
1578,43922,43969,2,1,Villa Park,Group matches - Group 2,1966
263,43954,44025,2,0,Stadio Olimpico,Group matches - Group A,1990
300331517,43969,43965,1,1,Luzhniki Stadium,"Round of 16,",2018
1313,43930,43967,7,0,St. Jakob,Group matches - Group 3,1954
1893,43929,43872,3,0,Nou Camp - Estadio León,Group matches - Group 4,1970
2246,43924,43969,0,0,Estadio José María Minella,Group matches - Group 3,1978
1190,43930,43924,2,1,'Maracanã - Estádio Jornalista Mário Filho,Final round - Group 6,1950
97410021,43922,1890244,6,0,"FIFA World Cup Stadium, Gelsenkirchen",Group matches - Group C,2006
1387,43946,43967,2,1,Eyravallen,Group matches - Group 2,1958
300186491,43926,43930,2,0,Estadio do Maracana,Round of 16,2014
1104,43934,43946,3,2,Stadio Benito Mussolini,Preliminary round,1934
8775,43876,43941,1,4,Stade de France,Round of 16,1998
1295,43950,43930,4,2,La Pontaise,Semi-finals,1954
300340182,43942,43935,0,1,Kaliningrad Stadium,"First stage - Group G,",2018
1780,43929,43936,3,2,Nou Camp - Estadio León,Group matches - Group 4,1970
1153,43924,44025,2,1,Stade du Parc Lescure,Quarter-finals,1938
536,43942,43928,3,0,Estadio Azteca,Round of 16,1986
920,43946,43952,4,1,Vicente Calderon,Second round - Group 4,1982
43950023,43922,43942,0,1,Sapporo Dome,Group matches - Group F,2002
97410060,43924,43946,0,1,"FIFA World Cup Stadium, Frankfurt",Quarter-finals,2006
1283,44023,43972,4,1,Wankdorf Stadium,Group matches - Group 2,1954
1779,43936,43872,1,1,Nou Camp - Estadio León,Group matches - Group 4,1970
8734,43922,43819,1,0,Stade Municipal,Group matches - Group H,1998
28,43954,43922,1,1,San Paolo,Semi-finals,1990
43950035,43849,43948,0,2,Shizuoka Stadium Ecopa,Group matches - Group E,2002
1450,43942,43922,3,1,El Teniente - Estadio Braden Copper Co.,Group matches - Group 4,1962
300186468,43926,43854,2,1,Estadio Nacional,First stage - Group C,2014
97410037,43960,43922,0,0,"FIFA World Cup Stadium, Frankfurt",Group matches - Group C,2006
300186487,43924,43925,1,1,Estadio Mineirao,Round of 16,2014
1391,44023,44025,2,2,Olympia Stadium,Group matches - Group 1,1958
1811,44023,43942,3,2,Nou Camp - Estadio León,Quarter-finals,1970
8763,43876,43928,1,3,Stade Municipal,Group matches - Group D,1998
127,43901,43967,1,0,Luigi Ferraris,Group matches - Group C,1990
3085,43948,43935,3,2,Soldier Field,Round of 16,1994
1407,43950,43974,1,1,Jarnvallen,Group matches - Group 3,1958
432,44026,43935,3,4,Nou Camp - Estadio León,Round of 16,1986
1954,43976,44023,0,3,Volksparkstadion,Group matches - Group 1,1974
43950062,43924,43972,1,0,Saitama Stadium 2002,Semi-finals,2002
300331502,43948,43911,0,1,Luzhniki Stadium,"First stage - Group F,",2018
1243,43954,43935,4,1,Comunale di Cornaredo,Group matches - Group 4,1954
1490,43950,43942,2,1,El Teniente - Estadio Braden Copper Co.,Group matches - Group 4,1962
919,43946,43823,4,1,Jose Zorrilla,Group matches - Group 4,1982
2253,43970,43924,1,1,Estadio José María Minella,Group matches - Group 3,1978
1185,43930,43923,8,0,Independencia,Group matches - Group 4,1950
364,43975,43840,4,1,Renato Dall Ara,Group matches - Group D,1990
97410018,43927,43901,3,0,"FIFA World Cup Stadium, Hamburg",Group matches - Group A,2006
300186502,43924,43960,0,3,Estadio Nacional,Match for third place,2014
300111112,43969,43971,0,1,Durban Stadium,First stage - Group H,2010
1097,43921,43928,3,0,Parque Central,Group matches - Group 4,1930
300061488,43924,43854,3,1,Soccer City Stadium,First stage - Group G,2010
3100,43936,43954,1,2,Giants Stadium,Semi-finals,1994
108,43849,43964,2,1,Stadio San Nicola,Group matches - Group B,1990
1582,43922,43971,2,0,Hillsborough,Group matches - Group 2,1966
300061467,43976,1902465,2,1,Mbombela Stadium,First stage - Group D,2010
300331543,43930,43946,0,2,Nizhny Novgorod Stadium,"Quarter-finals,",2018
4000,43924,43967,2,1,Stade de France,Group matches - Group A,1998
300186514,43971,43946,2,5,Arena Fonte Nova,First stage - Group E,2014
1202,43921,43942,1,0,Independencia,Group matches - Group 2,1950
1982,43924,44024,1,0,Niedersachsenstadion,Second round - Group A,1974
300061471,1902465,43860,0,1,Loftus Versfeld Stadium,First stage - Group D,2010
3053,43926,43964,1,3,Rose Bowl,Group matches - Group A,1994
300331514,43970,43971,1,0,Saint Petersburg Stadium,"Round of 16,",2018
97410059,43942,43963,0,0,"FIFA World Cup Stadium, Gelsenkirchen",Quarter-finals,2006
1193,43969,43925,2,0,'Maracanã - Estádio Jornalista Mário Filho,Group matches - Group 2,1950
300186492,43911,43849,1,0,Estadio das Dunas,First stage - Group A,2014
97410022,43960,43854,2,1,Gottlieb-Daimler-Stadion,Group matches - Group C,2006
427,43818,43935,1,2,Bombonera - Estadio Nemesio Diez,Group matches - Group B,1986
2394,43960,43929,0,0,San Martin,Group matches - Group 4,1978
8776,43946,43928,1,0,Stade Felix Bollaert,Round of 16,1998
3090,43924,43921,1,0,Stanford Stadium,Round of 16,1994
1107,43954,43934,1,0,San Siro,Semi-finals,1934
300331538,43924,43935,1,2,Kazan Arena,"Quarter-finals,",2018
923,43954,44023,3,1,Santiago Bernabeu,Final,1982
43950020,43941,43879,1,1,Daegu World Cup Stadium,Group matches - Group A,2002
889,43942,44025,2,0,San Mames,Group matches - Group 4,1982
1150,43924,43962,6,5,Stade de la Meinau,First round,1938
97410063,43948,43963,3,1,Gottlieb-Daimler-Stadion,Third place,2006
43950036,43835,43953,0,3,International Stadium Yokohama,Group matches - Group E,2002
1146,43946,43935,3,1,Stade Olympique,First round,1938
1392,44023,43975,1,0,Malmo Stadion,Quarter-finals,1958
300186484,43901,43942,0,0,Estadio Mineirao,First stage - Group D,2014
1238,43934,44025,5,0,Hardturm,Group matches - Group 3,1954
97410034,43901,43962,1,2,"FIFA World Cup Stadium, Hanover",Group matches - Group A,2006
348,43970,43967,1,2,Luigi Ferraris,Group matches - Group C,1990
962,43909,43975,0,1,La Romareda,Group matches - Group 5,1982
43950061,43948,43822,1,0,Seoul World Cup Stadium,Semi-finals,2002
1054,44026,43978,3,0,La Rosaleda,Group matches - Group 6,1982
3069,43935,43960,1,0,Citrus Bowl,Group matches - Group F,1994
1111,43969,43924,3,1,Luigi Ferraris,Preliminary round,1934
3086,43969,43971,3,0,RFK Stadium,Round of 16,1994
574,43872,44023,0,1,Estadio Universitario,Round of 16,1986
1812,43942,43964,1,0,Jalisco,Group matches - Group 3,1970
8760,43925,43849,1,1,La Beaujoire,Group matches - Group B,1998
1166,43971,43948,4,2,Parc des Princes,First round,1938
1189,43924,43970,7,1,'Maracanã - Estádio Jornalista Mário Filho,Final round - Group 6,1950
1473,43925,43971,3,1,Nacional,Group matches - Group 2,1962
43950016,43921,43963,3,2,Suwon World Cup Stadium,Group matches - Group D,2002
97410043,43819,43924,1,4,"FIFA World Cup Stadium, Dortmund",Group matches - Group F,2006
2176,43890,43967,0,2,Westfalenstadion,Group matches - Group 2,1974
2199,43922,43950,2,1,El Monumental - Estadio Monumental Antonio Vespuci,Group matches - Group 1,1978
300061484,43954,43928,1,1,Cape Town Stadium,First stage - Group F,2010
8740,43942,43888,2,0,Stade Vélodrome,Group matches - Group G,1998
43950041,43901,43924,2,5,Suwon World Cup Stadium,Group matches - Group C,2002
3049,43948,43923,1,0,Soldier Field,Group matches - Group C,1994
97410014,43822,43887,2,1,"FIFA World Cup Stadium, Frankfurt",Group matches - Group G,2006
1218,43954,43928,2,0,Pacaembu,Group matches - Group 3,1950
2064,43962,44023,0,1,Waldstadion,Second round - Group B,1974
8756,43964,43942,2,1,Stade Municipal,Group matches - Group G,1998
1577,43942,43922,1,0,Wembley Stadium,Quarter-finals,1966
300061492,43971,43909,0,0,Free State Stadium,First stage - Group H,2010
1598,43963,43924,3,1,Goodison Park,Group matches - Group 3,1966
43950057,43942,43924,1,2,Shizuoka Stadium Ecopa,Quarter-finals,2002
97410002,43962,43927,0,2,"FIFA World Cup Stadium, Gelsenkirchen",Group matches - Group A,2006
903,43969,43975,2,1,Luis Casanova,Group matches - Group 5,1982
97410055,43924,43860,3,0,"FIFA World Cup Stadium, Dortmund",Round of 16,2006
300331518,43941,43976,1,1,Samara Arena,"First stage - Group C,",2018
779,43935,43950,1,1,Nuevo Estadio,Group matches - Group 3,1982
1609,43821,43925,1,1,Ayresome Park,Group matches - Group 4,1966
300061451,43946,43911,0,2,Peter Mokaba Stadium,First stage - Group A,2010
3073,43921,43964,0,1,Rose Bowl,Group matches - Group A,1994
66,43935,43930,3,1,Marc Antonio Bentegodi,Group matches - Group E,1990
1388,43975,43946,3,2,Arosvallen,Group matches - Group 2,1958
1222,43971,43911,2,1,Eucaliptos,Group matches - Group 1,1950
300186471,43926,43949,3,0,Estadio Mineirao,First stage - Group C,2014
31,43975,43922,0,0,Comunale,Quarter-finals,1990
1275,43946,43911,3,2,Charmilles,Group matches - Group 1,1954
610,44026,43950,6,0,Estadio Irapuato,Group matches - Group C,1986
300331534,43971,43901,2,2,Nizhny Novgorod Stadium,"First stage - Group E,",2018
27,44023,43922,1,0,Stadio Olimpico,Final,1990
1633,43942,44023,4,2,Wembley Stadium,Final,1966
1263,43942,43971,2,0,Wankdorf Stadium,Group matches - Group 4,1954
300331522,43938,43942,2,1,Luzhniki Stadium,"Semi-finals,",2018
1326,43924,43934,3,0,Rimnersvallen,Group matches - Group 4,1958
1408,43974,43950,2,1,Rasunda Stadium,Group matches - Group 3,1958
3065,43822,43923,0,0,Foxboro Stadium,Group matches - Group C,1994
1058,43962,44026,0,0,Camp Nou,Second round - Group 1,1982
2224,43934,43970,1,0,Jose Amalfitani,Group matches - Group 3,1978
8783,43948,43938,0,3,Stade de Gerland,Quarter-finals,1998
300061502,43922,43911,3,1,Soccer City Stadium,Round of 16,2010
128,43970,43901,1,2,Luigi Ferraris,Group matches - Group C,1990
201,44023,43975,4,1,Giuseppe Meazza,Group matches - Group D,1990
300186488,43960,43901,0,0,Arena Fonte Nova,Quarter-finals,2014
300186467,43976,43969,0,3,Arena da Baixada,First stage - Group B,2014
97410038,43854,1890244,3,2,"FIFA World Cup Stadium, Munich",Group matches - Group C,2006
300186489,43930,43901,1,3,Estadio Castelao,First stage - Group D,2014
300186466,43922,43817,1,0,Estadio Mineirao,First stage - Group F,2014
97410039,43963,43911,2,1,"FIFA World Cup Stadium, Gelsenkirchen",Group matches - Group D,2006
3064,43954,43961,1,0,Giants Stadium,Group matches - Group E,1994
8782,43924,43941,3,2,La Beaujoire,Quarter-finals,1998
300061503,43921,43860,1,2,Royal Bafokeng Stadium,Round of 16,2010
129,44025,43901,4,1,Stadio San Nicola,Round of 16,1990
1632,43942,43946,2,0,Wembley Stadium,Group matches - Group 1,1966
300331523,43938,43876,2,0,Kaliningrad Stadium,"First stage - Group D,",2018
1327,43942,43934,2,2,Ryavallen,Group matches - Group 4,1958
26,43922,43849,0,1,Giuseppe Meazza,Group matches - Group B,1990
2337,43969,43970,1,0,Jose Amalfitani,Group matches - Group 3,1978
300331535,43924,43911,2,0,Samara Arena,"Round of 16,",2018
30,43922,44026,2,0,San Paolo,Group matches - Group B,1990
538,43963,43942,1,0,Tecnologico,Group matches - Group F,1986
1389,44023,43952,2,2,Malmo Stadion,Group matches - Group 1,1958
300186470,43960,43925,2,0,Arena de Sao Paulo,First stage - Group B,2014
300061450,43911,43930,0,1,Royal Bafokeng Stadium,First stage - Group A,2010
3072,43936,43949,4,0,Soldier Field,Group matches - Group D,1994
580,44023,43967,2,1,Estadio Corregidora,Group matches - Group E,1986
996,43962,43954,0,2,Camp Nou,Semi-finals,1982
97410054,43971,43973,0,0,"FIFA World Cup Stadium, Cologne",Round of 16,2006
300331519,43876,43922,1,2,Saint Petersburg Stadium,"First stage - Group D,",2018
1608,43954,43925,2,0,Roker Park Ground,Group matches - Group 4,1966
902,43952,43969,1,0,Luis Casanova,Group matches - Group 5,1982
43950001,43946,43879,0,1,Seoul World Cup Stadium,Group matches - Group A,2002
1464,43942,43936,0,0,El Teniente - Estadio Braden Copper Co.,Group matches - Group 4,1962
97410003,43942,43928,1,0,"FIFA World Cup Stadium, Frankfurt",Group matches - Group B,2006
8757,43954,43934,2,1,Stade de France,Group matches - Group B,1998
300061493,43925,43971,1,0,Port Elizabeth Stadium,First stage - Group H,2010
1599,43950,43936,3,1,Old Trafford Stadium,Group matches - Group 3,1966
43950056,43822,43954,2,1,Daejeon World Cup Stadium,Round of 16,2002
97410015,43969,43973,4,0,Zentralstadion,Group matches - Group H,2006
739,43843,43934,0,2,Carlos Tartiere,Group matches - Group 2,1982
1219,43970,43954,3,2,Pacaembu,Group matches - Group 3,1950
2065,44023,43970,4,2,Rheinstadion,Second round - Group B,1974
1130,44025,43948,3,1,Nazionale PNF,Semi-finals,1934
8741,43967,43961,1,1,Stade du Parc Lescure,Group matches - Group A,1998
43950040,43968,43928,1,3,Jeju World Cup Stadium,Group matches - Group B,2002
97410042,43860,43921,2,1,Franken-Stadion,Group matches - Group E,2006
2198,43922,43960,3,1,El Monumental - Estadio Monumental Antonio Vespuci,Final,1978
152,43953,43855,0,0,Della Favorita,Group matches - Group F,1990
1188,43924,43971,2,2,Pacaembu,Group matches - Group 1,1950
1472,43925,43954,2,0,Nacional,Group matches - Group 2,1962
43950017,43948,43953,1,1,Kashima Stadium,Group matches - Group E,2002
914,44023,43946,3,3,Ramon Sanchez Pizjuan,Semi-finals,1982
43950060,43879,43972,0,1,Osaka Nagai Stadium,Quarter-finals,2002
3068,43970,43965,3,1,Pontiac Silverdome,Group matches - Group B,1994
1055,43962,43929,5,1,Riazor,Group matches - Group 1,1982
575,44023,43911,0,0,Estadio Universitario,Quarter-finals,1986
3087,43835,43970,1,3,Cotton Bowl,Round of 16,1994
1813,43942,44025,1,0,Jalisco,Group matches - Group 3,1970
8761,43969,43936,6,1,Stade Felix Bollaert,Group matches - Group D,1998
300186485,43946,43948,0,1,Estadio do Maracana,Quarter-finals,2014
1239,43934,43930,3,1,Hardturm,Match for third place,1954
97410035,43970,43942,2,2,"FIFA World Cup Stadium, Cologne",Group matches - Group B,2006
43950037,43970,43922,1,1,Miyagi Stadium,Group matches - Group F,2002
8736,43910,43938,1,3,Stade Felix Bollaert,Group matches - Group H,1998
522,43941,43930,6,1,Neza,Group matches - Group E,1986
97410062,43963,43946,0,1,"FIFA World Cup Stadium, Munich",Semi-finals,2006
922,43946,44025,1,1,Jose Zorrilla,Group matches - Group 4,1982
43950021,43970,43876,2,1,Kobe Wing Stadium,Group matches - Group F,2002
1151,43924,43970,4,2,Stade du Parc Lescure,Match for third place,1938
1278,44023,43950,3,2,Wankdorf Stadium,Final,1954
2004,43925,44024,1,1,Olympiastadion,Group matches - Group 1,1974
2454,43962,43888,1,0,Arroyito - Estadio Dr. Lisandro de la Torre,Group matches - Group 2,1978
300331539,43935,43914,3,0,Fisht Stadium,"First stage - Group G,",2018
2395,43967,43960,3,2,San Martin,Group matches - Group 4,1978
8777,43948,43911,2,1,La Mosson,Round of 16,1998
3091,43876,43954,1,2,Foxboro Stadium,Round of 16,1994
1106,43934,43950,2,1,Littorale,Quarter-finals,1934
300186493,43948,43860,2,2,Estadio Castelao,First stage - Group G,2014
1385,43946,43952,4,0,Idrottsparken,Quarter-finals,1958
97410023,43911,43844,0,0,"FIFA World Cup Stadium, Hanover",Group matches - Group D,2006
1192,43942,43925,2,0,'Maracanã - Estádio Jornalista Mário Filho,Group matches - Group 2,1950
774,43935,43904,1,0,Nuevo Estadio,Group matches - Group 3,1982
300331515,43922,43951,1,1,Spartak Stadium,"First stage - Group D,",2018
97410058,43954,43973,3,0,"FIFA World Cup Stadium, Hamburg",Quarter-finals,2006
2182,43970,43975,2,1,Rheinstadion,Second round - Group B,1974
1983,43960,43924,2,0,Westfalenstadion,Second round - Group A,1974
959,43909,43952,1,1,La Romareda,Group matches - Group 5,1982
300061470,43948,1902465,0,1,Port Elizabeth Stadium,First stage - Group D,2010
3052,43954,43953,0,1,Giants Stadium,Group matches - Group E,1994
300331542,43926,43942,1,1,Spartak Stadium,"Round of 16,",2018
1653,43930,43946,2,1,White City,Group matches - Group 1,1966
300186515,43927,43946,0,0,Estadio do Maracana,First stage - Group E,2014
1995,43970,43936,0,0,Rheinstadion,Group matches - Group 3,1974
300111113,43960,44002,2,1,Durban Stadium,Round of 16,2010
1096,43946,43911,4,1,Pocitos,Group matches - Group 1,1930
300061489,43854,43963,0,0,Port Elizabeth Stadium,First stage - Group G,2010
300061466,43942,43921,1,1,Royal Bafokeng Stadium,First stage - Group C,2010
300331554,43888,43942,1,2,Volgograd Arena,"First stage - Group G,",2018
97410019,43942,43920,2,0,Franken-Stadion,Group matches - Group B,2006
300186503,43922,43971,1,0,Arena de Sao Paulo,Round of 16,2014
2252,43924,43962,3,1,San Martin,Second round - Group B,1978
300331503,43965,43835,5,0,Luzhniki Stadium,"First stage - Group A,",2018
627,43818,43911,0,1,Estadio Azteca,Group matches - Group B,1986
43950010,43924,43972,2,1,Munsu Football Stadium,Group matches - Group C,2002
1475,43925,43975,1,0,Nacional,Match for third place,1962
440,43924,43946,1,1,Jalisco,Quarter-finals,1986
300331508,43962,43926,0,3,Kazan Arena,"First stage - Group H,",2018
2170,43962,43975,2,1,Waldstadion,Second round - Group B,1974
97410045,43887,43946,0,2,"FIFA World Cup Stadium, Cologne",Group matches - Group G,2006
1249,43924,43911,5,0,Charmilles,Group matches - Group 1,1954
8746,43883,43941,1,1,Stade Municipal,Group matches - Group C,1998
102,43849,43926,2,1,San Paolo,Round of 16,1990
300061482,43954,43978,1,1,Mbombela Stadium,First stage - Group F,2010
1422,43952,44025,2,1,Malmo Stadion,Group matches - Group 1,1958
43950047,43963,43822,0,1,Incheon Football Stadium,Group matches - Group D,2002
97410012,43976,43819,3,1,Fritz-Walter-Stadion,Group matches - Group F,2006
2062,44024,44023,1,0,Volksparkstadion,Group matches - Group 1,1974
300186508,43960,43911,2,1,Estadio Castelao,Round of 16,2014
300061494,43969,43909,2,0,Ellis Park Stadium,First stage - Group H,2010
114,44023,43926,1,1,Giuseppe Meazza,Group matches - Group D,1990
8750,43935,43911,2,2,Stade du Parc Lescure,Group matches - Group E,1998
43950051,43970,43879,1,2,Oita Stadium Big Eye,Round of 16,2002
1434,43975,43967,1,1,Arosvallen,Group matches - Group 2,1958
3059,43922,43949,4,0,Foxboro Stadium,Group matches - Group D,1994
300331549,43822,43911,1,2,Rostov Arena,"First stage - Group F,",2018
97410004,43920,43970,0,0,"FIFA World Cup Stadium, Dortmund",Group matches - Group B,2006
378,43843,43969,0,3,Tecnologico,Group matches - Group D,1986
1208,43969,43921,3,1,Durival de Brito,Group matches - Group 2,1950
1176,43950,43970,5,1,Parc des Princes,Semi-finals,1938
1199,43969,43942,1,0,'Maracanã - Estádio Jornalista Mário Filho,Group matches - Group 2,1950
1463,43924,44025,3,1,Nacional,Final,1962
43950006,43928,43883,2,2,Busan Asiad Main Stadium,Group matches - Group B,2002
97410053,43954,43976,1,0,Fritz-Walter-Stadion,Round of 16,2006
790,43924,43967,4,1,Benito Villamarin,Group matches - Group 6,1982
300061457,43949,43876,2,1,Free State Stadium,First stage - Group B,2010
3075,43923,43969,1,3,Soldier Field,Group matches - Group C,1994
1418,43911,43974,1,1,Rasunda Stadium,Group matches - Group 3,1958
300061512,43930,43960,2,3,Cape Town Stadium,Semi-finals,2010
568,43954,43946,0,2,Estadio Olímpico Universitario,Round of 16,1986
2408,43967,43817,1,1,Estadio Olímpico Chateau Carreras,Group matches - Group 4,1978
300186498,43969,43925,0,2,Estadio do Maracana,First stage - Group B,2014
300186477,43922,44037,2,1,Estadio do Maracana,First stage - Group F,2014
97410028,43819,43938,0,0,Franken-Stadion,Group matches - Group F,2006
180,43930,43969,0,0,Friuli,Group matches - Group E,1990
300331532,43822,43948,2,0,Kazan Arena,"First stage - Group F,",2018
300331498,43938,43941,1,1,Nizhny Novgorod Stadium,"Round of 16,",2018
753,43954,43922,2,1,Sarria,Second round - Group 3,1982
1459,43924,43942,3,1,Estadio Sausalito,Quarter-finals,1962
196,44023,43960,2,1,Giuseppe Meazza,Round of 16,1990
1635,43942,43963,2,1,Wembley Stadium,Semi-finals,1966
1770,43924,44025,4,1,Jalisco,Group matches - Group 3,1970
300331524,43963,43969,3,3,Fisht Stadium,"First stage - Group B,",2018
8785,43924,43960,1,1,Stade Vélodrome,Semi-finals,1998
2388,43960,43817,3,0,San Martin,Group matches - Group 4,1978
3063,43921,43926,2,1,Rose Bowl,Group matches - Group A,1994
300061504,43930,43822,2,1,Port Elizabeth Stadium,Round of 16,2010
300186461,43924,43926,2,1,Estadio Castelao,Quarter-finals,2014
342,44026,43964,0,2,Stadio San Nicola,Group matches - Group B,1990
712,43967,43930,0,0,Neza,Group matches - Group E,1986
1300,43971,43954,2,1,La Pontaise,Group matches - Group 4,1954
97410049,43948,43970,2,0,"FIFA World Cup Stadium, Munich",Round of 16,2006
300331504,43965,43938,2,2,Fisht Stadium,"Quarter-finals,",2018
159,44023,43942,1,1,Stadio delle Alpi,Semi-finals,1990
1479,43930,43926,2,1,Carlos Dittborn,Group matches - Group 1,1962
1880,43970,43984,1,1,Luis Dosal,Group matches - Group 2,1970
300331553,43879,43926,0,1,Samara Arena,"First stage - Group H,",2018
300186504,43922,43935,1,0,Estadio Nacional,Quarter-finals,2014
1091,43924,43923,4,0,Estadio Centenario,Group matches - Group 2,1930
300111114,43948,43969,0,1,Durban Stadium,Semi-finals,2010
56,43935,43969,1,2,Marc Antonio Bentegodi,Group matches - Group E,1990
2347,43954,43946,2,1,Estadio José María Minella,Group matches - Group 1,1978
1838,43954,44023,4,3,Estadio Azteca,Semi-finals,1970
2202,43922,43962,2,0,Arroyito - Estadio Dr. Lisandro de la Torre,Second round - Group B,1978
300061461,43921,43843,1,0,Loftus Versfeld Stadium,First stage - Group C,2010
300186457,43819,43926,1,4,Arena Pantanal,First stage - Group C,2014
97410008,43844,43963,0,1,"FIFA World Cup Stadium, Cologne",Group matches - Group D,2006
300331545,43962,43879,1,2,Spartak Stadium,"First stage - Group H,",2018
2097,43960,43970,0,0,Westfalenstadion,Group matches - Group 3,1974
300186512,43860,43921,1,2,Estadio das Dunas,First stage - Group G,2014
2351,44023,43962,0,0,El Monumental - Estadio Monumental Antonio Vespuci,Group matches - Group 2,1978
1984,43924,43962,0,1,Olympiastadion,Match for third place,1974
300061498,43969,43963,1,0,Cape Town Stadium,Round of 16,2010
1087,43930,43922,4,2,Estadio Centenario,Final,1930
300061477,43819,43849,1,0,Free State Stadium,First stage - Group E,2010
3055,43961,43911,1,0,RFK Stadium,Group matches - Group E,1994
1438,43970,43974,0,0,Rasunda Stadium,Group matches - Group 3,1958
300331512,43941,43946,0,0,Luzhniki Stadium,"First stage - Group C,",2018
1480,43975,43926,5,0,Carlos Dittborn,Group matches - Group 1,1962
1228,43970,43928,2,2,Durival de Brito,Group matches - Group 3,1950
300186494,43971,43927,2,1,Estadio Nacional,First stage - Group E,2014
1382,43946,44023,6,3,Nya Ullevi,Match for third place,1958
97410024,43963,43817,2,0,"FIFA World Cup Stadium, Frankfurt",Group matches - Group D,2006
1947,43922,43908,4,1,Olympiastadion,Group matches - Group 4,1974
421,43969,43935,1,1,Cuauhtemoc,Quarter-finals,1986
1044,43975,43952,0,0,La Romareda,Group matches - Group 5,1982
3079,43965,43849,6,1,Stanford Stadium,Group matches - Group B,1994
564,43946,44023,0,2,Jalisco,Semi-finals,1986
3096,43936,43948,2,1,Giants Stadium,Quarter-finals,1994
1101,43930,43975,6,1,Estadio Centenario,Semi-finals,1930
8770,43926,43942,0,2,Stade Felix Bollaert,Group matches - Group G,1998
2003,44023,43925,1,0,Olympiastadion,Group matches - Group 1,1974
476,44026,43899,2,0,Estadio Irapuato,Group matches - Group C,1986
43950026,43924,43812,4,0,Jeju World Cup Stadium,Group matches - Group C,2002
8727,43849,43934,1,1,Stade Municipal,Group matches - Group B,1998
1156,43902,43964,3,3,Stade Municipal,First round,1938
533,43942,43872,0,0,Tecnologico,Group matches - Group F,1986
300331528,43929,43941,0,1,Mordovia Arena,"First stage - Group C,",2018
749,43922,43935,0,1,Camp Nou,Group matches - Group 3,1982
43950030,43822,43921,1,1,Daegu World Cup Stadium,Group matches - Group D,2002
460,43822,43936,1,1,Estadio Olímpico Universitario,Group matches - Group A,1986
1510,44023,43971,2,1,Nacional,Group matches - Group 2,1962
175,43822,43969,1,3,Friuli,Group matches - Group E,1990
8731,43969,43876,2,3,La Beaujoire,Group matches - Group D,1998
1843,44023,43930,1,0,Estadio Azteca,Match for third place,1970
300186482,43909,43971,0,3,Arena Amazonia,First stage - Group E,2014
97410032,43835,43973,0,4,"FIFA World Cup Stadium, Hamburg",Group matches - Group H,2006
8766,43960,43911,2,2,Stade Geoffroy Guichard,Group matches - Group E,1998
300061508,43930,43860,1,1,Soccer City Stadium,Quarter-finals,2010
3080,43924,43970,1,1,Pontiac Silverdome,Group matches - Group B,1994
1403,43950,43911,4,0,Jarnvallen,Group matches - Group 3,1958
8788,43924,43946,0,3,Stade de France,Final,1998
8767,43948,43817,2,0,La Mosson,Group matches - Group F,1998
300061509,43960,43969,0,1,Soccer City Stadium,Final,2010
3081,43872,43960,1,2,Citrus Bowl,Group matches - Group F,1994
300186483,43921,43963,2,2,Arena Amazonia,First stage - Group G,2014
97410033,43927,43948,0,3,Olympiastadion,Group matches - Group A,2006
43950031,43888,43935,1,1,Oita Stadium Big Eye,Group matches - Group H,2002
1511,43975,44023,1,0,Nacional,Quarter-finals,1962
1141,44025,43964,2,1,Littorio,Preliminary round,1934
8730,43946,43883,3,0,Stade Vélodrome,Group matches - Group C,1998
877,43969,43942,0,0,Santiago Bernabeu,Second round - Group 2,1982
300331529,43901,1902465,0,1,Samara Arena,"First stage - Group E,",2018
97410064,43954,43946,1,1,Olympiastadion,Final,2006
1012,44025,43823,1,1,Jose Zorrilla,Group matches - Group 4,1982
43950027,43911,43927,2,1,Miyagi Stadium,Group matches - Group G,2002
8726,43954,43925,2,2,Stade du Parc Lescure,Group matches - Group B,1998
1157,43902,43964,2,1,Stade Municipal,First round,1938
162,43954,43942,2,1,Stadio San Nicola,Match for third place,1990
1507,44023,43954,0,0,Nacional,Group matches - Group 2,1962
300331495,43965,43855,3,1,Saint Petersburg Stadium,"First stage - Group A,",2018
1946,43922,44024,1,1,Parkstadion,Second round - Group A,1974
1415,43970,43911,3,0,Rasunda Stadium,Group matches - Group 3,1958
3078,43954,43911,1,1,RFK Stadium,Group matches - Group E,1994
3097,43954,43969,2,1,Foxboro Stadium,Quarter-finals,1994
1100,43930,43964,4,0,Estadio Centenario,Group matches - Group 3,1930
8771,43819,43910,1,2,Stade de Gerland,Group matches - Group H,1998
300186495,43822,43843,2,4,Estadio Beira-Rio,First stage - Group H,2014
1679,43821,43954,1,0,Ayresome Park,Group matches - Group 4,1966
2405,43929,43817,4,1,Estadio Olímpico Chateau Carreras,Group matches - Group 4,1978
97410025,43954,43921,1,1,Fritz-Walter-Stadion,Group matches - Group E,2006
1194,43925,43921,5,2,Ilha do Retiro,Group matches - Group 2,1950
300331513,43922,43938,0,3,Nizhny Novgorod Stadium,"First stage - Group D,",2018
1747,43935,43904,3,0,Estadio Azteca,Group matches - Group 1,1970
1252,43924,43975,1,1,La Pontaise,Group matches - Group 1,1954
1602,43963,43936,3,0,Old Trafford Stadium,Group matches - Group 3,1966
2350,44023,43911,6,0,Estadio Olímpico Chateau Carreras,Group matches - Group 2,1978
1985,43967,43924,0,0,Waldstadion,Group matches - Group 2,1974
119,43840,43926,0,2,Renato Dall Ara,Group matches - Group D,1990
1086,43922,43911,6,3,Estadio Centenario,Group matches - Group 1,1930
3054,43935,43872,1,0,Citrus Bowl,Group matches - Group F,1994
2215,43924,43934,1,0,Estadio José María Minella,Group matches - Group 3,1978
1710,44026,43821,3,0,Ayresome Park,Group matches - Group 4,1966
300186456,43924,43938,3,1,Arena de Sao Paulo,First stage - Group A,2014
1340,43924,43946,5,2,Rasunda Stadium,Semi-finals,1958
97410009,43954,43860,2,0,"FIFA World Cup Stadium, Hanover",Group matches - Group E,2006
300331544,43930,43963,2,1,Fisht Stadium,"Round of 16,",2018
300186513,43942,43954,1,2,Arena Amazonia,First stage - Group D,2014
1090,43921,43935,3,0,Parque Central,Group matches - Group 4,1930
300111115,43876,43822,2,2,Durban Stadium,First stage - Group B,2010
57,43935,43822,2,0,Marc Antonio Bentegodi,Group matches - Group E,1990
1839,44023,43872,2,1,Nou Camp - Estadio León,Group matches - Group 4,1970
300061460,43922,43876,1,0,Ellis Park Stadium,First stage - Group B,2010
300186505,43817,43876,0,0,Arena da Baixada,First stage - Group F,2014
1497,43969,43911,1,0,Estadio Sausalito,Group matches - Group 3,1962
1478,44026,43926,4,4,Carlos Dittborn,Group matches - Group 1,1962
1881,43930,43984,2,0,Cuauhtemoc,Group matches - Group 2,1970
764,43925,43934,0,1,Carlos Tartiere,Group matches - Group 2,1982
1301,43971,43954,4,1,St. Jakob,Group matches - Group 4,1954
97410048,43973,43888,1,0,Olympiastadion,Group matches - Group H,2006
300331505,43819,43879,2,2,Ekaterinburg Arena,"First stage - Group H,",2018
1233,44023,43934,6,1,St. Jakob,Semi-finals,1954
300186460,43948,43843,2,1,Estadio Beira-Rio,Round of 16,2014
8784,43960,43922,2,1,Stade Vélodrome,Quarter-finals,1998
3062,43964,43971,1,4,Pontiac Silverdome,Group matches - Group A,1994
300061505,43922,43948,0,4,Cape Town Stadium,Quarter-finals,2010
1634,43942,43911,2,0,Wembley Stadium,Group matches - Group 1,1966
1264,43930,43942,4,2,St. Jakob,Quarter-finals,1954
1771,43924,43930,3,1,Jalisco,Semi-finals,1970
300331525,43924,43971,1,1,Rostov Arena,"First stage - Group E,",2018
197,44023,44025,1,0,Giuseppe Meazza,Quarter-finals,1990
1458,43924,43925,4,2,Nacional,Semi-finals,1962
300331533,43946,43976,2,1,Kazan Arena,"First stage - Group C,",2018
300331499,43970,43822,1,0,Nizhny Novgorod Stadium,"First stage - Group F,",2018
752,43922,43950,4,1,Jose Rico Perez,Group matches - Group 3,1982
882,43942,43823,1,0,San Mames,Group matches - Group 4,1982
181,43969,43975,1,2,Marc Antonio Bentegodi,Round of 16,1990
1675,43963,43950,3,1,Old Trafford Stadium,Group matches - Group 3,1966
300186499,43965,43822,1,1,Arena Pantanal,First stage - Group H,2014
1225,43975,43911,4,1,Eucaliptos,Group matches - Group 1,1950
355,43921,44025,1,5,Comunale,Group matches - Group A,1990
300186476,43963,43860,2,1,Estadio Nacional,First stage - Group G,2014
97410029,43946,43822,1,1,Zentralstadion,Group matches - Group G,2006
3074,43971,43926,0,2,Stanford Stadium,Group matches - Group A,1994
97410052,43963,43960,1,0,Franken-Stadion,Round of 16,2006
2167,43970,43962,0,1,Neckarstadion,Second round - Group B,1974
791,43924,44026,2,1,Ramon Sanchez Pizjuan,Group matches - Group 6,1982
512,43941,44023,2,0,Estadio Corregidora,Group matches - Group E,1986
1462,43924,44025,0,0,Estadio Sausalito,Group matches - Group 3,1962
43950007,43922,43876,1,0,Kashima Stadium,Group matches - Group F,2002
300331548,43911,43970,0,3,Ekaterinburg Arena,"First stage - Group F,",2018
97410005,43922,43854,2,1,"FIFA World Cup Stadium, Hamburg",Group matches - Group C,2006
379,43843,43952,1,1,Tres de Marzo,Group matches - Group D,1986
1659,44023,44026,2,1,Goodison Park,Semi-finals,1966
300061495,43909,43925,0,1,Mbombela Stadium,First stage - Group H,2010
8751,43819,43938,0,1,La Beaujoire,Group matches - Group H,1998
1823,44026,43904,2,0,Estadio Azteca,Group matches - Group 1,1970
43950050,43941,43942,0,3,Niigata Stadium Big Swan,Round of 16,2002
3058,43960,43835,2,1,RFK Stadium,Group matches - Group F,1994
97410013,43946,43971,0,0,Gottlieb-Daimler-Stadion,Group matches - Group G,2006
2063,43960,44023,1,2,Olympiastadion,Final,1974
2433,43888,43911,3,1,Arroyito - Estadio Dr. Lisandro de la Torre,Group matches - Group 2,1978
300186509,43924,43911,0,0,Estadio Castelao,First stage - Group A,2014
8747,43876,43936,1,0,Parc des Princes,Group matches - Group D,1998
103,43942,43849,3,2,San Paolo,Quarter-finals,1990
300061483,43978,44002,1,1,Royal Bafokeng Stadium,First stage - Group F,2010
1423,43928,43967,3,2,Idrottsparken,Group matches - Group 2,1958
43950046,43935,43965,3,2,Shizuoka Stadium Ecopa,Group matches - Group H,2002
300331509,43835,43855,2,1,Volgograd Arena,"First stage - Group A,",2018
97410044,43938,43976,2,2,Gottlieb-Daimler-Stadion,Group matches - Group F,2006
1248,43950,43924,4,2,Wankdorf Stadium,Quarter-finals,1954
43950011,43954,43927,2,0,Sapporo Dome,Group matches - Group G,2002
1474,43925,44026,2,1,Carlos Dittborn,Quarter-finals,1962
441,43952,43924,0,3,Jalisco,Group matches - Group D,1986